sample	site	type	coassembly_group	raw_r1	raw_r2
gy2021_HX_sur_t1	HX	surface	HX_surface	RAW_DIR/P1-LDL2326_L1_1.fq.gz	RAW_DIR/P1-LDL2326_L1_2.fq.gz
gy2021_HX_sur_t2	HX	surface	HX_surface	RAW_DIR/P2-LDL2327_L1_1.fq.gz	RAW_DIR/P2-LDL2327_L1_2.fq.gz
gy2021_HX_sur_t3	HX	surface	HX_surface	RAW_DIR/P3-LDL2328_L1_1.fq.gz	RAW_DIR/P3-LDL2328_L1_2.fq.gz
gy2021_HX_sur_t4	HX	surface	HX_surface	RAW_DIR/P4-LDL2329_L1_1.fq.gz	RAW_DIR/P4-LDL2329_L1_2.fq.gz
gy2021_HX_sur_t5	HX	surface	HX_surface	RAW_DIR/P5-LDL2330_L1_1.fq.gz	RAW_DIR/P5-LDL2330_L1_2.fq.gz
gy2021_HX_sur_t6	HX	surface	HX_surface	RAW_DIR/P6-LDL2331_L1_1.fq.gz	RAW_DIR/P6-LDL2331_L1_2.fq.gz
gy2021_HX_sur_t7	HX	surface	HX_surface	RAW_DIR/P7-LDL2332_L1_1.fq.gz	RAW_DIR/P7-LDL2332_L1_2.fq.gz
gy2021_HX_sur_t8	HX	surface	HX_surface	RAW_DIR/P8-LDL2333_L1_1.fq.gz	RAW_DIR/P8-LDL2333_L1_2.fq.gz
gy2021_HX_sur_t10	HX	surface	HX_surface	RAW_DIR/TODO_HX_sur_t10_1.fq.gz	RAW_DIR/TODO_HX_sur_t10_2.fq.gz
gy2021_HX_sur_t11	HX	surface	HX_surface	RAW_DIR/TODO_HX_sur_t11_1.fq.gz	RAW_DIR/TODO_HX_sur_t11_2.fq.gz
gy2021_GX_sur_t1	GX	surface	GX_surface	RAW_DIR/P9-LDL2334_L1_1.fq.gz	RAW_DIR/P9-LDL2334_L1_2.fq.gz
gy2021_GX_sur_t2	GX	surface	GX_surface	RAW_DIR/P10-LDL2335_L1_1.fq.gz	RAW_DIR/P10-LDL2335_L1_2.fq.gz
gy2021_GX_sur_t3	GX	surface	GX_surface	RAW_DIR/P11-LDL2336_L1_1.fq.gz	RAW_DIR/P11-LDL2336_L1_2.fq.gz
gy2021_GX_sur_t4	GX	surface	GX_surface	RAW_DIR/P12-LDL2337_L1_1.fq.gz	RAW_DIR/P12-LDL2337_L1_2.fq.gz
gy2021_GX_sur_t5	GX	surface	GX_surface	RAW_DIR/P13-LDL2338_L1_1.fq.gz	RAW_DIR/P13-LDL2338_L1_2.fq.gz
gy2021_GX_sur_t6	GX	surface	GX_surface	RAW_DIR/P14-LDL2339_L1_1.fq.gz	RAW_DIR/P14-LDL2339_L1_2.fq.gz
gy2021_GX_sur_t7	GX	surface	GX_surface	RAW_DIR/P15-LDL2340_L1_1.fq.gz	RAW_DIR/P15-LDL2340_L1_2.fq.gz
gy2021_GX_sur_t8	GX	surface	GX_surface	RAW_DIR/P16-LDL2341_L1_1.fq.gz	RAW_DIR/P16-LDL2341_L1_2.fq.gz
gy2021_GX_sur_t10	GX	surface	GX_surface	RAW_DIR/TODO_GX_sur_t10_1.fq.gz	RAW_DIR/TODO_GX_sur_t10_2.fq.gz
gy2021_GX_sur_t11	GX	surface	GX_surface	RAW_DIR/TODO_GX_sur_t11_1.fq.gz	RAW_DIR/TODO_GX_sur_t11_2.fq.gz
gy2021_SK_sur_t1	SK	surface	SK_surface	RAW_DIR/P17-LDL2342_L1_1.fq.gz	RAW_DIR/P17-LDL2342_L1_2.fq.gz
gy2021_SK_sur_t2	SK	surface	SK_surface	RAW_DIR/P18-LDL2343_L1_1.fq.gz	RAW_DIR/P18-LDL2343_L1_2.fq.gz
gy2021_SK_sur_t3	SK	surface	SK_surface	RAW_DIR/P19-LDL2344_L1_1.fq.gz	RAW_DIR/P19-LDL2344_L1_2.fq.gz
gy2021_SK_sur_t4	SK	surface	SK_surface	RAW_DIR/P20-LDL2345_L1_1.fq.gz	RAW_DIR/P20-LDL2345_L1_2.fq.gz
gy2021_SK_sur_t5	SK	surface	SK_surface	RAW_DIR/P21-LDL2346_L1_1.fq.gz	RAW_DIR/P21-LDL2346_L1_2.fq.gz
gy2021_SK_sur_t6	SK	surface	SK_surface	RAW_DIR/P22-LDL2347_L1_1.fq.gz	RAW_DIR/P22-LDL2347_L1_2.fq.gz
gy2021_SK_sur_t7	SK	surface	SK_surface	RAW_DIR/P23-LDL2348_L1_1.fq.gz	RAW_DIR/P23-LDL2348_L1_2.fq.gz
gy2021_SK_sur_t8	SK	surface	SK_surface	RAW_DIR/P24-LDL2349_L1_1.fq.gz	RAW_DIR/P24-LDL2349_L1_2.fq.gz
gy2021_SK_sur_t9	SK	surface	SK_surface	RAW_DIR/TODO_SK_sur_t9_1.fq.gz	RAW_DIR/TODO_SK_sur_t9_2.fq.gz
gy2021_SK_sur_t10	SK	surface	SK_surface	RAW_DIR/TODO_SK_sur_t10_1.fq.gz	RAW_DIR/TODO_SK_sur_t10_2.fq.gz
gy2021_SK_sur_t11	SK	surface	SK_surface	RAW_DIR/TODO_SK_sur_t11_1.fq.gz	RAW_DIR/TODO_SK_sur_t11_2.fq.gz
gy2021_HX_rhi_t2	HX	rhizosphere	HX_rhizosphere	RAW_DIR/P25-LDL2350_L1_1.fq.gz	RAW_DIR/P25-LDL2350_L1_2.fq.gz
gy2021_HX_rhi_t3	HX	rhizosphere	HX_rhizosphere	RAW_DIR/P26-LDL2351_L1_1.fq.gz	RAW_DIR/P26-LDL2351_L1_2.fq.gz
gy2021_HX_rhi_t4	HX	rhizosphere	HX_rhizosphere	RAW_DIR/P27-LDL2352_L1_1.fq.gz	RAW_DIR/P27-LDL2352_L1_2.fq.gz
gy2021_HX_rhi_t5	HX	rhizosphere	HX_rhizosphere	RAW_DIR/P28-LDL2353_L1_1.fq.gz	RAW_DIR/P28-LDL2353_L1_2.fq.gz
gy2021_HX_rhi_t6	HX	rhizosphere	HX_rhizosphere	RAW_DIR/P29-LDL2354_L1_1.fq.gz	RAW_DIR/P29-LDL2354_L1_2.fq.gz
gy2021_HX_rhi_t7	HX	rhizosphere	HX_rhizosphere	RAW_DIR/P30-LDL2355_L1_1.fq.gz	RAW_DIR/P30-LDL2355_L1_2.fq.gz
gy2021_GX_rhi_t2	GX	rhizosphere	GX_rhizosphere	RAW_DIR/P31-LDL2356_L1_1.fq.gz	RAW_DIR/P31-LDL2356_L1_2.fq.gz
gy2021_GX_rhi_t3	GX	rhizosphere	GX_rhizosphere	RAW_DIR/P32-LDL2357_L1_1.fq.gz	RAW_DIR/P32-LDL2357_L1_2.fq.gz
gy2021_GX_rhi_t4	GX	rhizosphere	GX_rhizosphere	RAW_DIR/P33-LDL2358_L1_1.fq.gz	RAW_DIR/P33-LDL2358_L1_2.fq.gz
gy2021_GX_rhi_t5	GX	rhizosphere	GX_rhizosphere	RAW_DIR/P34-LDL2359_L1_1.fq.gz	RAW_DIR/P34-LDL2359_L1_2.fq.gz
gy2021_GX_rhi_t6	GX	rhizosphere	GX_rhizosphere	RAW_DIR/P35-LDL2360_L1_1.fq.gz	RAW_DIR/P35-LDL2360_L1_2.fq.gz
gy2021_SK_rhi_t2	SK	rhizosphere	SK_rhizosphere	RAW_DIR/P36-LDL2361_L1_1.fq.gz	RAW_DIR/P36-LDL2361_L1_2.fq.gz
gy2021_SK_rhi_t3	SK	rhizosphere	SK_rhizosphere	RAW_DIR/P37-LDL2362_L1_1.fq.gz	RAW_DIR/P37-LDL2362_L1_2.fq.gz
gy2021_SK_rhi_t4	SK	rhizosphere	SK_rhizosphere	RAW_DIR/P38-LDL2363_L1_1.fq.gz	RAW_DIR/P38-LDL2363_L1_2.fq.gz
gy2021_SK_rhi_t5	SK	rhizosphere	SK_rhizosphere	RAW_DIR/P39-LDL2364_L1_1.fq.gz	RAW_DIR/P39-LDL2364_L1_2.fq.gz
gy2021_SK_rhi_t6	SK	rhizosphere	SK_rhizosphere	RAW_DIR/P40-LDL2365_L1_1.fq.gz	RAW_DIR/P40-LDL2365_L1_2.fq.gz
gy2021_SK_rhi_t7	SK	rhizosphere	SK_rhizosphere	RAW_DIR/P41-LDL2366_L1_1.fq.gz	RAW_DIR/P41-LDL2366_L1_2.fq.gz
